"","ME","RMSE","MAE","MPE","MAPE"
"Test set",2.75564159742567e-12,81.4783179591075,56.4142012213645,-16044.8613409011,19989.1741324446
