"","ME","RMSE","MAE","MPE","MAPE"
"Test set",0.260265498543525,81.7658003816632,56.5825502027079,-16013.8574954953,19944.6039030763
