,ME,RMSE,MAE,MPE,MAPE
Test set,0.552366988,105.3832434,85.67212955,-30.7081878,70.54758293