,ME,RMSE,MAE,MPE,MAPE
Test set,-0.92129664,112.8499097,84.72453753,NA,Inf