"","ME","RMSE","MAE","MPE","MAPE"
"Test set",-4.64364269041934,114.902385301909,87.556928122162,-8397.10773441838,8434.33288240322
