"","ME","RMSE","MAE","MPE","MAPE"
"Test set",54.8343003313082,133.360585644284,94.4906593277377,-2239.97563980171,3343.10815962584
