"ME","RMSE","MAE","MPE","MAPE"
-0.00000000000366958016727015,74.0188107730625,49.4548121461358,-4297.54551132291,4333.5159577609
