"","ME","RMSE","MAE","MPE","MAPE"
"Test set",46.6212947790218,140.768874857846,106.354862354461,-4897.63524107476,5499.75653986861
